Question,Answer
"Hello, Why isnt this working?!!!","Whoa, its kinda working!!!"
Why isnt this working?!!!,Is there something missing? Must more blood be shed?!!!
Why isnt this working?!!!,Because I memang top tier
Why isnt this working?!!!,Because I memang top tier
Why why TEST?,Because I memang top tier
Why are you so OD?,Because I memang top tier
Why are you so OD?,Because I memang top tier
Why are you so OD?,Because I memang top tier
Why are you so OD?,Because I memang top tier
Why are you so OD?,Because I memang top tier
Why are you so OD?,Because I memang top tier